timestamp_utc,mumbai_center_mm_hr,kurla_sion_mean_mm_hr,kurla_sion_max_mm_hr,kurla_sion_valid_cells,hindmata_dadar_mean_mm_hr,hindmata_dadar_max_mm_hr,hindmata_dadar_valid_cells,kurla_sion_accum_1h,kurla_sion_accum_3h,kurla_sion_accum_6h,kurla_sion_accum_24h,hindmata_dadar_accum_1h,hindmata_dadar_accum_3h,hindmata_dadar_accum_6h,hindmata_dadar_accum_24h
2026-09-06 00:00:00+00:00,0.0,0.0,0.0,6,0.0,0.0,2,0.0,0.0,0.0,0.0,0.0,0.0,0.0,0.0
2026-09-06 01:00:00+00:00,0.0,0.0,0.0,6,0.0,0.0,2,0.0,0.0,0.0,0.0,0.0,0.0,0.0,0.0
2026-09-06 02:00:00+00:00,0.0,0.0,0.0,6,0.0,0.0,2,0.0,0.0,0.0,0.0,0.0,0.0,0.0,0.0
2026-09-06 03:00:00+00:00,0.0,0.0,0.0,6,0.0,0.0,2,0.0,0.0,0.0,0.0,0.0,0.0,0.0,0.0
2026-09-06 04:00:00+00:00,0.0,0.0,0.0,6,0.0,0.0,2,0.0,0.0,0.0,0.0,0.0,0.0,0.0,0.0
2026-09-06 05:00:00+00:00,0.0,0.0,0.0,6,0.0,0.0,2,0.0,0.0,0.0,0.0,0.0,0.0,0.0,0.0
2026-09-06 06:00:00+00:00,0.0,0.0,0.0,6,0.0,0.0,2,0.0,0.0,0.0,0.0,0.0,0.0,0.0,0.0
2026-09-06 07:00:00+00:00,0.0,0.0,0.0,6,0.0,0.0,2,0.0,0.0,0.0,0.0,0.0,0.0,0.0,0.0
2026-09-06 08:00:00+00:00,0.0,0.0,0.0,6,0.0,0.0,2,0.0,0.0,0.0,0.0,0.0,0.0,0.0,0.0
2026-09-06 09:00:00+00:00,0.0,0.0,0.0,6,0.0,0.0,2,0.0,0.0,0.0,0.0,0.0,0.0,0.0,0.0
2026-09-06 10:00:00+00:00,0.0,0.0,0.0,6,0.0,0.0,2,0.0,0.0,0.0,0.0,0.0,0.0,0.0,0.0
2026-09-06 11:00:00+00:00,0.0,0.0,0.0,6,0.0,0.0,2,0.0,0.0,0.0,0.0,0.0,0.0,0.0,0.0
2026-09-06 12:00:00+00:00,0.0,0.0,0.0,6,0.0,0.0,2,0.0,0.0,0.0,0.0,0.0,0.0,0.0,0.0
2026-09-06 13:00:00+00:00,0.0,0.0,0.0,6,0.0,0.0,2,0.0,0.0,0.0,0.0,0.0,0.0,0.0,0.0
2026-09-06 14:00:00+00:00,0.0,0.0,0.0,6,0.0,0.0,2,0.0,0.0,0.0,0.0,0.0,0.0,0.0,0.0
2026-09-06 15:00:00+00:00,0.0,0.0,0.0,6,0.0,0.0,2,0.0,0.0,0.0,0.0,0.0,0.0,0.0,0.0
2026-09-06 16:00:00+00:00,0.0,0.0,0.0,6,0.0,0.0,2,0.0,0.0,0.0,0.0,0.0,0.0,0.0,0.0
2026-09-06 17:00:00+00:00,0.0,0.0,0.0,6,0.0,0.0,2,0.0,0.0,0.0,0.0,0.0,0.0,0.0,0.0
2026-09-06 18:00:00+00:00,0.0,0.0,0.0,6,0.0,0.0,2,0.0,0.0,0.0,0.0,0.0,0.0,0.0,0.0
2026-09-06 19:00:00+00:00,0.0,0.0,0.0,6,0.0,0.0,2,0.0,0.0,0.0,0.0,0.0,0.0,0.0,0.0
2026-09-06 20:00:00+00:00,0.0,0.0,0.0,6,0.0,0.0,2,0.0,0.0,0.0,0.0,0.0,0.0,0.0,0.0
2026-09-06 21:00:00+00:00,0.0,0.0,0.0,6,0.0,0.0,2,0.0,0.0,0.0,0.0,0.0,0.0,0.0,0.0
2026-09-06 22:00:00+00:00,0.0,0.0,0.0,6,0.0,0.0,2,0.0,0.0,0.0,0.0,0.0,0.0,0.0,0.0
2026-09-06 23:00:00+00:00,0.0,0.0,0.0,6,0.0,0.0,2,0.0,0.0,0.0,0.0,0.0,0.0,0.0,0.0
